,yhat,y_test
0,0.12088015637246016,
1,0.12088015637246016,
2,0.3221292296212344,
3,0.2502619083113757,
4,0.5766973674270447,
5,0.39688980228466575,
6,0.275701751737203,
7,0.5766973674270447,
8,0.2805680003829078,
9,0.45458432005127464,
10,0.5445222287899562,
11,0.5445222287899562,
12,0.5445222287899562,
13,0.5457232561845718,
14,0.365659078386417,
15,0.36899379250118935,
16,0.36899379250118935,
17,0.5782756341903847,
18,0.36899379250118935,
19,0.365659078386417,
20,0.24061735903224496,
21,0.5004573857906514,
22,0.014996593486658794,
23,0.007447045189196578,
24,0.009171169984442474,
25,0.13214640960273735,
26,0.13214640960273735,
27,0.2782913685402083,
28,0.5083487672441146,
29,0.2769922148006527,
30,0.4543124950624401,
31,0.55459616429695,
32,0.55459616429695,
33,0.55459616429695,
34,0.5541622321888345,
35,0.3672972940942528,
36,0.37063200820902525,
37,0.37063200820902525,
38,0.5837664636713985,
39,0.37063200820902525,
40,0.3672972940942528,
41,0.2781550037121212,
42,0.5809547751573951,
43,0.01091453470444982,
44,0.8232011061125999,
45,0.20997883660702893,
46,0.1959655370193494,
47,0.3021210300869715,
48,0.0,
49,0.4781504597827399,
50,0.0,
51,0.0015030041836702624,
52,0.0,
53,0.3004077808926681,
54,0.29099681088530277,
55,0.0,
56,0.0,
57,0.0015030041836702624,
58,0.0,
59,0.4781504597827399,
60,0.3052689468538889,
61,0.0015030041836702624,
62,0.0,
63,0.0,
64,0.20997883660702893,
65,0.1920534354828375,
66,0.1646440099212257,
67,0.0,
68,0.4781504597827399,
69,0.19079463624778495,
70,0.2299722135594512,
71,0.8243832412299088,
72,0.3030669326186843,
73,0.0,
74,0.0,
75,0.0015030041836702624,
76,0.0,
77,0.4781504597827399,
78,0.0,
79,0.0,
80,0.0,
81,0.0,
82,0.0,
83,0.0267045826358493,
84,0.0013954535223947775,
85,0.2621700851705532,
86,0.3737247373825677,
87,0.03818612663874567,
88,0.03235045873589541,
89,0.21021239381076892,
90,0.07204330810957796,
91,0.4000666448538281,
92,0.18121232428880088,
93,0.07770217098583215,
94,0.31115155694794056,
95,0.20044447885242697,
96,0.0,
97,0.0,
98,0.42687154818846695,
99,0.08171257918353929,
100,0.4302739219456244,
101,0.26275232163301115,
102,0.2615287930085256,
103,0.2514263271087257,
104,0.5137960362897847,
105,0.08171257918353929,
106,0.19119619656768042,
107,0.5077986865620606,
108,0.12910594268927064,
109,0.21702827107283013,
110,0.5519083190315638,
111,0.024977569704080237,
112,0.5126149335428918,
113,0.026977569704080235,
114,0.17059041807218478,
115,0.36501043797439375,
116,0.36501043797439375,
117,0.026977569704080235,
118,0.49846548612798747,
119,0.2180995507865551,
120,0.035287360099342184,
121,0.4990544319984863,
122,0.0,
123,0.0,
124,0.0,
125,0.305732788366862,
126,0.3658724604259262,
127,0.8018360784154671,
128,0.8018360784154671,
129,0.0,
130,0.0,
131,0.0,
132,0.0,
133,0.0,
134,0.305732788366862,
135,0.3658724604259262,
136,0.8015674422124199,
137,0.8015674422124199,
138,0.0,
139,0.0,
140,0.0,
141,0.0,
142,0.0,
143,0.305732788366862,
144,0.3658724604259262,
145,0.8015674422124199,
146,0.8015674422124199,
147,0.0,
148,0.0,
149,0.0,
150,0.0,
151,0.0,
152,0.0,
153,0.0,
154,0.02490701970229237,
155,0.0033954535223947773,
156,0.27156739927882284,
157,0.45263833036954315,
158,0.05179584210153976,
159,0.018776895445042272,
160,0.13897463335716528,
161,0.03515154000368847,
162,0.24197427767226282,
163,0.12208085840966507,
164,0.03909446110049875,
165,0.31098771719353385,
166,0.20220850838964216,
167,0.0,
168,0.0,
169,0.0,
170,0.0,
171,0.0,
172,0.0,
173,0.0,
174,0.023336300219339377,
175,0.0013954535223947775,
176,0.2688387503715028,
177,0.45128796045799807,
178,0.04775124882353753,
179,0.02459721253253493,
180,0.15312501751829177,
181,0.04740663019091167,
182,0.22970458971758276,
183,0.12090530471545535,
184,0.04963209976417625,
185,0.3174665148411087,
186,0.20487090082165332,
187,0.0,
188,0.0,
189,0.0,
190,0.0,
191,0.0,
192,0.0,
193,0.0,
194,0.03172366599098888,
195,0.0033954535223947773,
196,0.26227337004396545,
197,0.4689141653272047,
198,0.0414144610109409,
199,0.016964296247365833,
200,0.1360882404938837,
201,0.03892611791238745,
202,0.23951041830205308,
203,0.13345957603375863,
204,0.04686903900919775,
205,0.32258832298877127,
206,0.21535879457646034,
207,0.0,
208,0.0,
209,0.0,
210,0.0,
211,0.0,
212,0.0,
213,0.0,
214,0.026853387094545985,
215,0.0013954535223947775,
216,0.2604157469147096,
217,0.5237329334008944,
218,0.05364869855608503,
219,0.025581776765375853,
220,0.13591026324735667,
221,0.026737678408874956,
222,0.1808446053325685,
223,0.0618094874465603,
224,0.026737678408874956,
225,0.29697092116433493,
226,0.20181217331180173,
227,0.0,
228,0.0,
229,0.0,
230,0.0,
231,0.0,
232,0.0,
233,0.0,
234,0.02490701970229237,
235,0.0033954535223947773,
236,0.27156739927882284,
237,0.45263833036954315,
238,0.05179584210153976,
239,0.018776895445042272,
240,0.13897463335716528,
241,0.03515154000368847,
242,0.24197427767226282,
243,0.12208085840966507,
244,0.03909446110049875,
245,0.31098771719353385,
246,0.20220850838964216,
247,0.0,
248,0.0,
249,0.0,
250,0.0,
251,0.0,
252,0.0,
253,0.0,
254,0.03252500939586096,
255,0.003243441599891052,
256,0.2611055558187342,
257,0.4494421628054819,
258,0.04163438173182338,
259,0.018928907367546,
260,0.13406738250327072,
261,0.037005081289128765,
262,0.2249466063778366,
263,0.11678630429012676,
264,0.041230550862393356,
265,0.3108943914972533,
266,0.205173181489667,
267,0.0,
268,0.0,
269,0.0,
270,0.0,
271,0.0,
272,0.0,
273,0.0,
274,0.03276019528965978,
275,0.0033954535223947773,
276,0.26397559463270415,
277,0.46876840183844726,
278,0.0414144610109409,
279,0.016964296247365833,
280,0.13791479508609078,
281,0.04073163584466591,
282,0.24133697289426012,
283,0.13526509396603706,
284,0.0486745569414762,
285,0.32261408019196225,
286,0.21838175815833405,
287,0.0,
288,0.0,
289,0.0,
290,0.0,
291,0.0,
292,0.0,
293,0.0,
294,0.03220996729805537,
295,0.0013954535223947775,
296,0.2532160219589475,
297,0.45756792222107334,
298,0.03374389670137274,
299,0.01715076791098558,
300,0.122321824137445,
301,0.03126622505450067,
302,0.22456614348885418,
303,0.11999735759447651,
304,0.03920914615131097,
305,0.31066256730418956,
306,0.21003354751446843,
307,0.0,
308,0.0,
309,0.0,
310,0.0,
311,0.0,
312,0.0,
313,0.0,
314,0.03276019528965978,
315,0.0033954535223947773,
316,0.26397559463270415,
317,0.46876840183844726,
318,0.0414144610109409,
319,0.016964296247365833,
320,0.13791479508609078,
321,0.04073163584466591,
322,0.24133697289426012,
323,0.13526509396603706,
324,0.0486745569414762,
325,0.32261408019196225,
326,0.21838175815833405,
327,0.0,
328,0.0,
329,0.0,
330,0.0,
331,0.0,
332,0.0,
333,0.0,
334,0.023336300219339377,
335,0.0013954535223947775,
336,0.2688387503715028,
337,0.45128796045799807,
338,0.04775124882353753,
339,0.02459721253253493,
340,0.15122899305345994,
341,0.04590177582197962,
342,0.22780856525275098,
343,0.11940045034652333,
344,0.04812724539524421,
345,0.3174665148411087,
346,0.20487090082165332,
347,0.0,
348,0.0,
349,0.0,
350,0.0,
351,0.0,
352,0.0,
353,0.0,
354,0.029205344693313182,
355,0.003243441599891052,
356,0.2636348159605227,
357,0.4519714229472703,
358,0.04163438173182338,
359,0.018928907367546,
360,0.13262216105804928,
361,0.037005081289128765,
362,0.22519661551103437,
363,0.11678630429012676,
364,0.041230550862393356,
365,0.31342365163904184,
366,0.20558026366566,
367,0.0,
368,0.0,
369,0.0,
370,0.0,
371,0.0,
372,0.0,
373,0.0,
374,0.02638165630625698,
375,0.0033954535223947773,
376,0.2716306200677872,
377,0.45591259803115153,
378,0.053513293625085466,
379,0.01870344126601623,
380,0.14000955070683963,
381,0.03684547465020404,
382,0.24323157631462441,
383,0.1196442565022301,
384,0.038788395747014336,
385,0.3141210203916543,
386,0.20348047704601568,
387,0.0,
388,0.0,
389,0.0,
390,0.0,
391,0.0,
392,0.0,
393,0.0,
394,0.03276019528965978,
395,0.0033954535223947773,
396,0.26397559463270415,
397,0.46876840183844726,
398,0.0414144610109409,
399,0.016964296247365833,
400,0.13791479508609078,
401,0.04073163584466591,
402,0.24133697289426012,
403,0.13526509396603706,
404,0.0486745569414762,
405,0.32261408019196225,
406,0.21838175815833405,
407,0.0,
408,0.0,
409,0.0,
410,0.0,
411,0.0,
412,0.0,
413,0.0,
414,0.023764977948200993,
415,0.0013954535223947775,
416,0.261236358564994,
417,0.4542788473552494,
418,0.047034202612846396,
419,0.018985989742470524,
420,0.14704105341451754,
421,0.03842968477028089,
422,0.2440673699552618,
423,0.11592835929482459,
424,0.03865515434354548,
425,0.33096321877048657,
426,0.2070820542810338,
427,0.0,
428,0.0,
429,0.0,
430,0.0,
431,0.0,
432,0.0,
433,0.0,
434,0.023347379536992726,
435,0.0013954535223947775,
436,0.25246425946176815,
437,0.4410128713663049,
438,0.038933432183675884,
439,0.009138001664974247,
440,0.1334091261263389,
441,0.0332245096342524,
442,0.24415950305001632,
443,0.11265604629414201,
444,0.03344997920751699,
445,0.3183157340331565,
446,0.20316943907689627,
447,0.0,
448,0.0,
449,0.0,
450,0.0,
451,0.0,
452,0.0,
453,0.0,
454,0.028677021318364682,
455,0.0013954535223947775,
456,0.26097890456006334,
457,0.4426652238777082,
458,0.04866170684983886,
459,0.022703441266016228,
460,0.13876806583402193,
461,0.04430300990197581,
462,0.22965000122381646,
463,0.12373402657156454,
464,0.048528479475240395,
465,0.3091806483607405,
466,0.19883637322223321,
467,0.0,
468,0.0,
469,0.0,
470,0.0,
471,0.0,
472,0.0,
473,0.0,
474,0.03276019528965978,
475,0.0033954535223947773,
476,0.26397559463270415,
477,0.46876840183844726,
478,0.0414144610109409,
479,0.016964296247365833,
480,0.13791479508609078,
481,0.04073163584466591,
482,0.24133697289426012,
483,0.13526509396603706,
484,0.0486745569414762,
485,0.32261408019196225,
486,0.21838175815833405,
487,0.0,
488,0.0,
489,0.0,
490,0.0,
491,0.0,
492,0.0,
493,0.0,
494,0.029205344693313182,
495,0.003243441599891052,
496,0.2636348159605227,
497,0.4519714229472703,
498,0.04163438173182338,
499,0.018928907367546,
500,0.13262216105804928,
501,0.037005081289128765,
502,0.22519661551103437,
503,0.11678630429012676,
504,0.041230550862393356,
505,0.31342365163904184,
506,0.20558026366566,
507,0.0,
508,0.0,
509,0.0,
510,0.0,
511,0.0,
512,0.0,
513,0.0,
514,0.025195464761653536,
515,0.0033954535223947773,
516,0.26906590486946463,
517,0.5354504344994679,
518,0.05260757478249859,
519,0.02358177676537585,
520,0.1404992819943039,
521,0.024018791610904387,
522,0.19692128971218376,
523,0.07054271989857577,
524,0.024018791610904387,
525,0.3114483542916185,
526,0.20510189457523334,
527,0.0,
528,0.0,
529,0.0,
530,0.0,
531,0.0,
532,0.0,
533,0.0,
534,0.023764977948200993,
535,0.0013954535223947775,
536,0.2601129919332354,
537,0.4541455797333918,
538,0.047034202612846396,
539,0.018985989742470524,
540,0.14316639146263616,
541,0.039701927964754545,
542,0.2479633354529557,
543,0.11898093271183953,
544,0.03992739753801913,
545,0.33310386047474017,
546,0.20450369589139325,
547,0.0,
548,0.0,
549,0.0,
550,0.0,
551,0.0,
552,0.0,
553,0.0,
554,0.02490701970229237,
555,0.0033954535223947773,
556,0.27156739927882284,
557,0.45263833036954315,
558,0.05179584210153976,
559,0.018776895445042272,
560,0.13897463335716528,
561,0.03515154000368847,
562,0.24197427767226282,
563,0.12208085840966507,
564,0.03909446110049875,
565,0.31098771719353385,
566,0.20220850838964216,
567,0.0,
568,0.0,
569,0.0,
570,0.0,
571,0.0,
572,0.0,
573,0.0,
574,0.02490701970229237,
575,0.0033954535223947773,
576,0.27156739927882284,
577,0.45263833036954315,
578,0.05179584210153976,
579,0.018776895445042272,
580,0.13897463335716528,
581,0.03515154000368847,
582,0.24197427767226282,
583,0.12208085840966507,
584,0.03909446110049875,
585,0.31098771719353385,
586,0.20220850838964216,
587,0.0,
588,0.0,
589,0.0,
590,0.0,
591,0.0,
592,0.0,
593,0.0,
594,0.02638165630625698,
595,0.0033954535223947773,
596,0.2694098941424348,
597,0.4516991572997139,
598,0.052431068140621644,
599,0.016985989742470523,
600,0.13767041516668133,
601,0.03502725907263022,
602,0.24233668425329233,
603,0.11995657747860683,
604,0.036970180169440515,
605,0.3125622306310084,
606,0.20457951939787486,
607,0.0,
608,0.0,
609,0.0,
610,0.0,
611,0.0,
612,0.0,
613,0.0,
614,0.0263242154994191,
615,0.0013954535223947775,
616,0.25573510251165016,
617,0.5261310217151588,
618,0.04171394976005484,
619,0.023372682467947603,
620,0.13557131537904354,
621,0.026613090492572752,
622,0.18418839540722692,
623,0.0633346931988488,
624,0.026613090492572752,
625,0.30237713915825404,
626,0.1976260904920809,
627,0.0,
628,0.0,
629,0.0,
630,0.0,
631,0.0,
632,0.0,
633,0.0,
634,0.03276019528965978,
635,0.0033954535223947773,
636,0.26397559463270415,
637,0.46876840183844726,
638,0.0414144610109409,
639,0.016964296247365833,
640,0.13982739148711906,
641,0.04073163584466591,
642,0.2432495692952884,
643,0.13526509396603706,
644,0.0486745569414762,
645,0.32261408019196225,
646,0.2166643066347883,
647,0.0,
648,0.0,
649,0.0,
650,0.0,
651,0.0,
652,0.0,
653,0.0,
654,0.02638165630625698,
655,0.0033954535223947773,
656,0.2694098941424348,
657,0.4516991572997139,
658,0.052431068140621644,
659,0.016985989742470523,
660,0.13767041516668133,
661,0.03502725907263022,
662,0.24033668425329233,
663,0.12195657747860683,
664,0.036970180169440515,
665,0.3125622306310084,
666,0.20457951939787486,
667,0.0,
668,0.0,
669,0.0,
670,0.0,
671,0.0,
672,0.0,
673,0.0,
674,0.02638165630625698,
675,0.0033954535223947773,
676,0.2694098941424348,
677,0.4516991572997139,
678,0.052431068140621644,
679,0.016985989742470523,
680,0.13767041516668133,
681,0.03502725907263022,
682,0.24033668425329233,
683,0.12195657747860683,
684,0.036970180169440515,
685,0.3125622306310084,
686,0.20457951939787486,
687,0.0,
688,0.0,
689,0.0,
690,0.0,
691,0.0,
692,0.0,
693,0.0,
694,0.029205344693313182,
695,0.003243441599891052,
696,0.2636348159605227,
697,0.4519714229472703,
698,0.04163438173182338,
699,0.018928907367546,
700,0.13262216105804928,
701,0.037005081289128765,
702,0.22519661551103437,
703,0.11678630429012676,
704,0.041230550862393356,
705,0.31342365163904184,
706,0.20558026366566,
707,0.0,
708,0.0,
709,0.0,
710,0.0,
711,0.0,
712,0.0,
713,0.0,
714,0.023347379536992726,
715,0.0013954535223947775,
716,0.25440992083382635,
717,0.442777416394659,
718,0.038933432183675884,
719,0.009138001664974247,
720,0.13533095601134706,
721,0.035072497711748675,
722,0.2370120680503735,
723,0.11450403437163828,
724,0.03529796728501326,
725,0.3181205793380811,
726,0.20169103068142913,
727,0.0,
728,0.0,
729,0.0,
730,0.0,
731,0.0,
732,0.0,
733,0.0,
734,0.02490701970229237,
735,0.0033954535223947773,
736,0.27156739927882284,
737,0.45263833036954315,
738,0.05179584210153976,
739,0.018776895445042272,
740,0.13897463335716528,
741,0.03515154000368847,
742,0.24197427767226282,
743,0.12208085840966507,
744,0.03909446110049875,
745,0.31098771719353385,
746,0.20220850838964216,
747,0.0,
748,0.0,
749,0.0,
750,0.0,
751,0.0,
752,0.0,
753,0.0,
754,0.023347379536992726,
755,0.0013954535223947775,
756,0.25569184743776235,
757,0.4442404593422991,
758,0.038933432183675884,
759,0.011138001664974247,
760,0.1366937930055228,
761,0.0352245096342524,
762,0.24815599541714514,
763,0.11065604629414201,
764,0.03544997920751699,
765,0.3222551474970956,
766,0.2071088525408354,
767,0.0,
768,0.0,
769,0.0,
770,0.0,
771,0.0,
772,0.0,
773,0.0,
774,0.029205344693313182,
775,0.003243441599891052,
776,0.2636348159605227,
777,0.4519714229472703,
778,0.04163438173182338,
779,0.018928907367546,
780,0.13262216105804928,
781,0.037005081289128765,
782,0.22519661551103437,
783,0.11678630429012676,
784,0.041230550862393356,
785,0.31342365163904184,
786,0.20558026366566,
787,0.0,
788,0.0,
789,0.0,
790,0.0,
791,0.0,
792,0.0,
793,0.0,
794,0.02490701970229237,
795,0.0033954535223947773,
796,0.27156739927882284,
797,0.45263833036954315,
798,0.05179584210153976,
799,0.018776895445042272,
800,0.13897463335716528,
801,0.03515154000368847,
802,0.24197427767226282,
803,0.12208085840966507,
804,0.03909446110049875,
805,0.31098771719353385,
806,0.20220850838964216,
807,0.0,
808,0.0,
809,0.0,
810,0.0,
811,0.0,
812,0.0,
813,0.0,
814,0.02597273887191311,
815,0.0013954535223947775,
816,0.2588375273876366,
817,0.44154064730631176,
818,0.036044655076235485,
819,0.02447132784936969,
820,0.18527118140263477,
821,0.059624381040839954,
822,0.25304022749537924,
823,0.14538826284080372,
824,0.06701252358287171,
825,0.2944965023070816,
826,0.19887642723932566,
827,0.0,
828,0.0,
829,0.0,
830,0.0,
831,0.0,
832,0.0,
833,0.0,
834,0.02490701970229237,
835,0.0033954535223947773,
836,0.27156739927882284,
837,0.45263833036954315,
838,0.05179584210153976,
839,0.018776895445042272,
840,0.13897463335716528,
841,0.03515154000368847,
842,0.24197427767226282,
843,0.12208085840966507,
844,0.03909446110049875,
845,0.31098771719353385,
846,0.20220850838964216,
847,0.0,
848,0.0,
849,0.0,
850,0.0,
851,0.0,
852,0.0,
853,0.0,
854,0.029205344693313182,
855,0.003243441599891052,
856,0.2636348159605227,
857,0.4519714229472703,
858,0.04163438173182338,
859,0.018928907367546,
860,0.13262216105804928,
861,0.037005081289128765,
862,0.22519661551103437,
863,0.11678630429012676,
864,0.041230550862393356,
865,0.31342365163904184,
866,0.20558026366566,
867,0.0,
868,0.0,
869,0.0,
870,0.0,
871,0.0,
872,0.0,
873,0.0,
874,0.02490701970229237,
875,0.0033954535223947773,
876,0.27156739927882284,
877,0.45263833036954315,
878,0.05179584210153976,
879,0.018776895445042272,
880,0.13897463335716528,
881,0.03515154000368847,
882,0.24197427767226282,
883,0.12208085840966507,
884,0.03909446110049875,
885,0.31098771719353385,
886,0.20220850838964216,
887,0.0,
888,0.0,
889,0.0,
890,0.0,
891,0.0,
892,0.0,
893,0.0,
894,0.026778413852837354,
895,0.0033954535223947773,
896,0.2680425690366038,
897,0.5272820057851497,
898,0.0551539945750115,
899,0.029062587070107157,
900,0.14016131644005678,
901,0.024525979710326152,
902,0.20364180917317257,
903,0.07304990799799754,
904,0.02652597971032615,
905,0.30857564638671975,
906,0.20612730325378845,
907,0.0,
908,0.0,
909,0.0,
910,0.0,
911,0.0,
912,0.0,
913,0.0,
914,0.02638165630625698,
915,0.0033954535223947773,
916,0.2694098941424348,
917,0.4516991572997139,
918,0.052431068140621644,
919,0.016985989742470523,
920,0.13767041516668133,
921,0.03502725907263022,
922,0.24033668425329233,
923,0.12195657747860683,
924,0.036970180169440515,
925,0.3125622306310084,
926,0.20457951939787486,
927,0.0,
928,0.0,
929,0.0,
930,0.0,
931,0.0,
932,0.0,
933,0.0,
934,0.02638165630625698,
935,0.0033954535223947773,
936,0.2694098941424348,
937,0.4516991572997139,
938,0.052431068140621644,
939,0.016985989742470523,
940,0.13767041516668133,
941,0.03502725907263022,
942,0.24033668425329233,
943,0.12195657747860683,
944,0.036970180169440515,
945,0.3125622306310084,
946,0.20457951939787486,
947,0.0,
948,0.0,
949,0.0,
950,0.0,
951,0.0,
952,0.0,
953,0.0,
954,0.02638165630625698,
955,0.0033954535223947773,
956,0.2694098941424348,
957,0.4516991572997139,
958,0.052431068140621644,
959,0.016985989742470523,
960,0.13767041516668133,
961,0.03502725907263022,
962,0.24033668425329233,
963,0.12195657747860683,
964,0.036970180169440515,
965,0.3125622306310084,
966,0.20457951939787486,
967,0.0,
968,0.0,
969,0.0,
970,0.0,
971,0.0,
972,0.0,
973,0.0,
974,0.02638165630625698,
975,0.0033954535223947773,
976,0.2694098941424348,
977,0.4516991572997139,
978,0.052431068140621644,
979,0.016985989742470523,
980,0.13767041516668133,
981,0.03502725907263022,
982,0.24033668425329233,
983,0.12195657747860683,
984,0.036970180169440515,
985,0.3125622306310084,
986,0.20457951939787486,
987,0.0,
988,0.0,
989,0.0,
990,0.0,
991,0.0,
992,0.0,
993,0.0,
994,0.02638165630625698,
995,0.0033954535223947773,
996,0.2694098941424348,
997,0.4516991572997139,
998,0.052431068140621644,
999,0.016985989742470523,
1000,0.13767041516668133,
1001,0.03502725907263022,
1002,0.24033668425329233,
1003,0.12195657747860683,
1004,0.036970180169440515,
1005,0.3125622306310084,
1006,0.20457951939787486,
1007,0.0,
1008,0.0,
1009,0.0,
1010,0.0,
1011,0.0,
1012,0.0,
1013,0.0,
1014,0.026979185517620928,
1015,0.0013954535223947775,
1016,0.2703137527583602,
1017,0.46145260432613106,
1018,0.04639894167988803,
1019,0.019119545376414224,
1020,0.14499743923044078,
1021,0.03766927594285366,
1022,0.24910685331189655,
1023,0.11707881724388922,
1024,0.037894745516118246,
1025,0.3354882182360997,
1026,0.21123213183104173,
1027,0.0,
1028,0.0,
1029,0.0,
1030,0.0,
1031,0.0,
1032,0.0,
1033,0.0,
1034,0.02638165630625698,
1035,0.0033954535223947773,
1036,0.2694098941424348,
1037,0.4516991572997139,
1038,0.052431068140621644,
1039,0.016985989742470523,
1040,0.13767041516668133,
1041,0.03502725907263022,
1042,0.24033668425329233,
1043,0.12195657747860683,
1044,0.036970180169440515,
1045,0.3125622306310084,
1046,0.20457951939787486,
1047,0.0,
1048,0.0,
1049,0.0,
1050,0.0,
1051,0.0,
1052,0.0,
1053,0.0,
1054,0.02638165630625698,
1055,0.0033954535223947773,
1056,0.2694098941424348,
1057,0.4516991572997139,
1058,0.052431068140621644,
1059,0.016985989742470523,
1060,0.13767041516668133,
1061,0.03502725907263022,
1062,0.24033668425329233,
1063,0.12195657747860683,
1064,0.036970180169440515,
1065,0.3125622306310084,
1066,0.20457951939787486,
1067,0.0,
1068,0.0,
1069,0.0,
1070,0.0,
1071,0.0,
1072,0.0,
1073,0.0,
1074,0.02638165630625698,
1075,0.0033954535223947773,
1076,0.2694098941424348,
1077,0.4516991572997139,
1078,0.052431068140621644,
1079,0.016985989742470523,
1080,0.13767041516668133,
1081,0.03502725907263022,
1082,0.24033668425329233,
1083,0.12195657747860683,
1084,0.036970180169440515,
1085,0.3125622306310084,
1086,0.20457951939787486,
1087,0.0,
1088,0.0,
1089,0.0,
1090,0.0,
1091,0.0,
1092,0.0,
1093,0.0,
1094,0.028677021318364682,
1095,0.0013954535223947775,
1096,0.26097890456006334,
1097,0.4426652238777082,
1098,0.04866170684983886,
1099,0.022703441266016228,
1100,0.13876806583402193,
1101,0.04430300990197581,
1102,0.22965000122381646,
1103,0.12373402657156454,
1104,0.048528479475240395,
1105,0.3091806483607405,
1106,0.19883637322223321,
1107,0.0,
1108,0.0,
1109,0.0,
1110,0.0,
1111,0.0,
1112,0.0,
1113,0.0,
1114,0.02490701970229237,
1115,0.0033954535223947773,
1116,0.27156739927882284,
1117,0.45263833036954315,
1118,0.05179584210153976,
1119,0.018776895445042272,
1120,0.13897463335716528,
1121,0.03515154000368847,
1122,0.24197427767226282,
1123,0.12208085840966507,
1124,0.03909446110049875,
1125,0.31098771719353385,
1126,0.20220850838964216,
1127,0.0,
1128,0.0,
1129,0.0,
1130,0.0,
1131,0.0,
1132,0.0,
1133,0.0,
1134,0.026979185517620928,
1135,0.0013954535223947775,
1136,0.2758332583251175,
1137,0.4669721098928883,
1138,0.04639894167988803,
1139,0.019119545376414224,
1140,0.14866895671970176,
1141,0.03766927594285366,
1142,0.2527783708011575,
1143,0.11707881724388922,
1144,0.037894745516118246,
1145,0.34100772380285693,
1146,0.21492810798603426,
1147,0.0,
1148,0.0,
1149,0.0,
1150,0.0,
1151,0.0,
1152,0.0,
1153,0.0,
1154,0.025343571337901223,
1155,0.0013954535223947775,
1156,0.26148161497999084,
1157,0.45575274776330804,
1158,0.047813007299239256,
1159,0.018985989742470524,
1160,0.14690521199390186,
1161,0.041041020837324735,
1162,0.25134923813758353,
1163,0.124100355806951,
1164,0.04304682063313061,
1165,0.3307539709426239,
1166,0.2048019568717055,
1167,0.0,
1168,0.0,
1169,0.0,
1170,0.0,
1171,0.0,
1172,0.0,
1173,0.0,
1174,0.03172366599098888,
1175,0.0033954535223947773,
1176,0.2609236577130682,
1177,0.46892751179145536,
1178,0.0414144610109409,
1179,0.015173390544794087,
1180,0.13429733479131198,
1181,0.038950256012931075,
1182,0.23953455640259674,
1183,0.13148371413430224,
1184,0.044893177109741375,
1185,0.3244167132561373,
1186,0.21535879457646034,
1187,0.0,
1188,0.0,
1189,0.0,
1190,0.0,
1191,0.0,
1192,0.0,
1193,0.0,
1194,0.03172366599098888,
1195,0.0033954535223947773,
1196,0.2609236577130682,
1197,0.46892751179145536,
1198,0.0414144610109409,
1199,0.015173390544794087,
1200,0.13429733479131198,
1201,0.038950256012931075,
1202,0.23953455640259674,
1203,0.13148371413430224,
1204,0.044893177109741375,
1205,0.3244167132561373,
1206,0.21535879457646034,
1207,0.0,
1208,0.0,
1209,0.0,
1210,0.0,
1211,0.0,
1212,0.0,
1213,0.0,
1214,0.02490701970229237,
1215,0.0033954535223947773,
1216,0.27156739927882284,
1217,0.45263833036954315,
1218,0.05179584210153976,
1219,0.018776895445042272,
1220,0.13897463335716528,
1221,0.03515154000368847,
1222,0.24197427767226282,
1223,0.12208085840966507,
1224,0.03909446110049875,
1225,0.31098771719353385,
1226,0.20220850838964216,
1227,0.0,
1228,0.0,
1229,0.0,
1230,0.0,
1231,0.0,
1232,0.0,
1233,0.0,
1234,0.02490701970229237,
1235,0.0033954535223947773,
1236,0.27156739927882284,
1237,0.45263833036954315,
1238,0.05179584210153976,
1239,0.018776895445042272,
1240,0.13897463335716528,
1241,0.03515154000368847,
1242,0.24197427767226282,
1243,0.12208085840966507,
1244,0.03909446110049875,
1245,0.31098771719353385,
1246,0.20220850838964216,
1247,0.0,
1248,0.0,
1249,0.0,
1250,0.0,
1251,0.0,
1252,0.0,
1253,0.0,
1254,0.023480359536054738,
1255,0.0013954535223947775,
1256,0.2511939564692526,
1257,0.505576779070814,
1258,0.030367298347764665,
1259,0.021465559522686906,
1260,0.17628717927844384,
1261,0.039945401360127634,
1262,0.2162151549999551,
1263,0.09894183129982174,
1264,0.04372573158266892,
1265,0.3026360954927968,
1266,0.1945242568458429,
1267,0.0,
1268,0.0,
1269,0.0,
1270,0.0,
1271,0.0,
1272,0.0,
1273,0.0,
1274,0.029205344693313182,
1275,0.003243441599891052,
1276,0.2636348159605227,
1277,0.4519714229472703,
1278,0.04163438173182338,
1279,0.018928907367546,
1280,0.13262216105804928,
1281,0.037005081289128765,
1282,0.22519661551103437,
1283,0.11678630429012676,
1284,0.041230550862393356,
1285,0.31342365163904184,
1286,0.20558026366566,
1287,0.0,
1288,0.0,
1289,0.0,
1290,0.0,
1291,0.0,
1292,0.0,
1293,0.0,
1294,0.026655146927633523,
1295,0.0033954535223947773,
1296,0.2699129192108544,
1297,0.5390248955535812,
1298,0.04936181223546636,
1299,0.023186210804327857,
1300,0.14205793556884946,
1301,0.02473117727129766,
1302,0.19536979216790767,
1303,0.07325510555896907,
1304,0.028511507493838937,
1305,0.31879137773259836,
1306,0.21363518295253317,
1307,0.0,
1308,0.0,
1309,0.0,
1310,0.0,
1311,0.0,
1312,0.0,
1313,0.0,
1314,0.029205344693313182,
1315,0.003243441599891052,
1316,0.2636348159605227,
1317,0.4519714229472703,
1318,0.04163438173182338,
1319,0.018928907367546,
1320,0.13262216105804928,
1321,0.037005081289128765,
1322,0.22519661551103437,
1323,0.11678630429012676,
1324,0.041230550862393356,
1325,0.31342365163904184,
1326,0.20558026366566,
1327,0.0,
1328,0.0,
1329,0.0,
1330,0.0,
1331,0.0,
1332,0.0,
1333,0.0,
1334,0.029205344693313182,
1335,0.003243441599891052,
1336,0.2636348159605227,
1337,0.4519714229472703,
1338,0.04163438173182338,
1339,0.018928907367546,
1340,0.13262216105804928,
1341,0.037005081289128765,
1342,0.22519661551103437,
1343,0.11678630429012676,
1344,0.041230550862393356,
1345,0.31342365163904184,
1346,0.20558026366566,
1347,0.0,
1348,0.0,
1349,0.0,
1350,0.0,
1351,0.0,
1352,0.0,
1353,0.0,
1354,0.023347379536992726,
1355,0.0013954535223947775,
1356,0.25246425946176815,
1357,0.4410128713663049,
1358,0.038933432183675884,
1359,0.009138001664974247,
1360,0.1334091261263389,
1361,0.0332245096342524,
1362,0.24415950305001632,
1363,0.11265604629414201,
1364,0.03344997920751699,
1365,0.3183157340331565,
1366,0.20316943907689627,
1367,0.0,
1368,0.0,
1369,0.0,
1370,0.0,
1371,0.0,
1372,0.0,
1373,0.0,
1374,0.02490701970229237,
1375,0.0033954535223947773,
1376,0.27156739927882284,
1377,0.45263833036954315,
1378,0.05179584210153976,
1379,0.018776895445042272,
1380,0.13897463335716528,
1381,0.03515154000368847,
1382,0.24197427767226282,
1383,0.12208085840966507,
1384,0.03909446110049875,
1385,0.31098771719353385,
1386,0.20220850838964216,
1387,0.0,
1388,0.0,
1389,0.0,
1390,0.0,
1391,0.0,
1392,0.0,
1393,0.0,
1394,0.02490701970229237,
1395,0.0033954535223947773,
1396,0.27156739927882284,
1397,0.45263833036954315,
1398,0.05179584210153976,
1399,0.018776895445042272,
1400,0.13897463335716528,
1401,0.03515154000368847,
1402,0.24197427767226282,
1403,0.12208085840966507,
1404,0.03909446110049875,
1405,0.31098771719353385,
1406,0.20220850838964216,
1407,0.0,
1408,0.0,
1409,0.0,
1410,0.0,
1411,0.0,
1412,0.0,
1413,0.0,
1414,0.02490701970229237,
1415,0.0033954535223947773,
1416,0.27156739927882284,
1417,0.45263833036954315,
1418,0.05179584210153976,
1419,0.018776895445042272,
1420,0.13897463335716528,
1421,0.03515154000368847,
1422,0.24197427767226282,
1423,0.12208085840966507,
1424,0.03909446110049875,
1425,0.31098771719353385,
1426,0.20220850838964216,
1427,0.0,
1428,0.0,
1429,0.0,
1430,0.0,
1431,0.0,
1432,0.0,
1433,0.0,
1434,0.023129014395201968,
1435,0.0013954535223947775,
1436,0.26766179401854595,
1437,0.541105689939042,
1438,0.03686131373409767,
1439,0.013581776765375855,
1440,0.14923808412536882,
1441,0.024679698738334192,
1442,0.19914869172837138,
1443,0.06118163166715152,
1444,0.02646002896087547,
1445,0.3200310285899852,
1446,0.20688156333403665,
1447,0.0,
1448,0.0,
1449,0.0,
1450,0.0,
1451,0.0,
1452,0.0,
1453,0.0,
1454,0.023347379536992726,
1455,0.0013954535223947775,
1456,0.25569184743776235,
1457,0.4442404593422991,
1458,0.038933432183675884,
1459,0.009138001664974247,
1460,0.1346937930055228,
1461,0.0332245096342524,
1462,0.24744416992920026,
1463,0.11065604629414201,
1464,0.03344997920751699,
1465,0.3215433220091507,
1466,0.2063970270528905,
1467,0.0,
1468,0.0,
1469,0.0,
1470,0.0,
1471,0.0,
1472,0.0,
1473,0.0,
1474,0.02490701970229237,
1475,0.0033954535223947773,
1476,0.27156739927882284,
1477,0.45263833036954315,
1478,0.05179584210153976,
1479,0.018776895445042272,
1480,0.13897463335716528,
1481,0.03515154000368847,
1482,0.24197427767226282,
1483,0.12208085840966507,
1484,0.03909446110049875,
1485,0.31098771719353385,
1486,0.20220850838964216,
1487,0.0,
1488,0.0,
1489,0.0,
1490,0.0,
1491,0.0,
1492,0.0,
1493,0.0,
1494,0.025801157873592575,
1495,0.0013954535223947775,
1496,0.2635204677835105,
1497,0.5353949815956507,
1498,0.03638447790330234,
1499,0.013372682467947601,
1500,0.14403946947712803,
1501,0.02469413590401015,
1502,0.19615410566512603,
1503,0.06321806419168155,
1504,0.02469413590401015,
1505,0.31120439813916473,
1506,0.20126524109666943,
1507,0.0,
1508,0.0,
1509,0.0,
1510,0.0,
1511,0.0,
1512,0.0,
1513,0.0,
1514,0.02638165630625698,
1515,0.0033954535223947773,
1516,0.2694098941424348,
1517,0.4516991572997139,
1518,0.052431068140621644,
1519,0.016985989742470523,
1520,0.13767041516668133,
1521,0.03502725907263022,
1522,0.24033668425329233,
1523,0.12195657747860683,
1524,0.036970180169440515,
1525,0.3125622306310084,
1526,0.20457951939787486,
1527,0.0,
1528,0.0,
1529,0.0,
1530,0.0,
1531,0.0,
1532,0.0,
1533,0.0,
1534,0.026979185517620928,
1535,0.0013954535223947775,
1536,0.2703137527583602,
1537,0.46145260432613106,
1538,0.04639894167988803,
1539,0.019119545376414224,
1540,0.14499743923044078,
1541,0.03766927594285366,
1542,0.24910685331189655,
1543,0.11707881724388922,
1544,0.037894745516118246,
1545,0.3354882182360997,
1546,0.21123213183104173,
1547,0.0,
1548,0.0,
1549,0.0,
1550,0.0,
1551,0.0,
1552,0.0,
1553,0.0,
1554,0.02638165630625698,
1555,0.0033954535223947773,
1556,0.2694098941424348,
1557,0.4516991572997139,
1558,0.052431068140621644,
1559,0.016985989742470523,
1560,0.13767041516668133,
1561,0.03502725907263022,
1562,0.24033668425329233,
1563,0.12195657747860683,
1564,0.036970180169440515,
1565,0.3125622306310084,
1566,0.20457951939787486,
1567,0.0,
1568,0.0,
1569,0.0,
1570,0.0,
1571,0.0,
1572,0.0,
1573,0.0,
1574,0.029205344693313182,
1575,0.003243441599891052,
1576,0.2636348159605227,
1577,0.4519714229472703,
1578,0.04163438173182338,
1579,0.018928907367546,
1580,0.13262216105804928,
1581,0.037005081289128765,
1582,0.22519661551103437,
1583,0.11678630429012676,
1584,0.041230550862393356,
1585,0.31342365163904184,
1586,0.20558026366566,
1587,0.0,
1588,0.0,
1589,0.0,
1590,0.0,
1591,0.0,
1592,0.0,
1593,0.0,
1594,0.02638010063657213,
1595,0.0013954535223947775,
1596,0.26712392209680097,
1597,0.4482888360230773,
1598,0.03591668200941514,
1599,0.005581776765375854,
1600,0.13957017505983926,
1601,0.04098459237939635,
1602,0.21906183885002042,
1603,0.12261380345789062,
1604,0.04321006195266094,
1605,0.3143612068572965,
1606,0.20519803828987143,
1607,0.0,
1608,0.0,
1609,0.0,
1610,0.0,
1611,0.0,
1612,0.0,
1613,0.0,
1614,0.036217238416617205,
1615,0.0013954535223947775,
1616,0.25731865828303535,
1617,0.4605202009821152,
1618,0.04129905373000974,
1619,0.01735986220841383,
1620,0.13989413852642335,
1621,0.04610608183727018,
1622,0.24314830004769225,
1623,0.13536361121580195,
1624,0.05211188163307605,
1625,0.32398245865554953,
1626,0.21712936652988932,
1627,0.0,
1628,0.0,
1629,0.0,
1630,0.0,
1631,0.0,
1632,0.0,
1633,0.0,
1634,0.02490701970229237,
1635,0.0033954535223947773,
1636,0.27156739927882284,
1637,0.45263833036954315,
1638,0.05179584210153976,
1639,0.018776895445042272,
1640,0.13897463335716528,
1641,0.03515154000368847,
1642,0.24197427767226282,
1643,0.12208085840966507,
1644,0.03909446110049875,
1645,0.31098771719353385,
1646,0.20220850838964216,
1647,0.0,
1648,0.0,
1649,0.0,
1650,0.0,
1651,0.0,
1652,0.0,
1653,0.0,
1654,0.027953291245526164,
1655,0.0013954535223947775,
1656,0.25897437418713176,
1657,0.44540654621068326,
1658,0.037758996137728124,
1659,0.02405310461474554,
1660,0.18317438254704518,
1661,0.06495801901600701,
1662,0.25140953979000336,
1663,0.1468282587852783,
1664,0.07234616155803873,
1665,0.300662429745742,
1666,0.2023462702371863,
1667,0.0,
1668,0.0,
1669,0.0,
1670,0.0,
1671,0.0,
1672,0.0,
1673,0.0,
1674,0.023764977948200993,
1675,0.0013954535223947775,
1676,0.2584492366161153,
1677,0.4514917254063708,
1678,0.04532331912629141,
1679,0.018985989742470524,
1680,0.14502142923659078,
1681,0.039701927964754545,
1682,0.24946545538027248,
1683,0.11898093271183953,
1684,0.03992739753801913,
1685,0.33009708830108114,
1686,0.20429493233215504,
1687,0.0,
1688,0.0,
1689,0.0,
1690,0.0,
1691,0.0,
1692,0.0,
1693,0.0,
1694,0.023347379536992726,
1695,0.0013954535223947775,
1696,0.25246425946176815,
1697,0.4410128713663049,
1698,0.038933432183675884,
1699,0.009138001664974247,
1700,0.1334091261263389,
1701,0.0332245096342524,
1702,0.24415950305001632,
1703,0.11265604629414201,
1704,0.03344997920751699,
1705,0.3183157340331565,
1706,0.20316943907689627,
1707,0.0,
1708,0.0,
1709,0.0,
1710,0.0,
1711,0.0,
1712,0.0,
1713,0.0,
1714,0.036217238416617205,
1715,0.0013954535223947775,
1716,0.25731865828303535,
1717,0.4605202009821152,
1718,0.04129905373000974,
1719,0.01735986220841383,
1720,0.13989413852642335,
1721,0.04610608183727018,
1722,0.24314830004769225,
1723,0.13536361121580195,
1724,0.05211188163307605,
1725,0.32398245865554953,
1726,0.21712936652988932,
1727,0.0,
1728,0.0,
1729,0.0,
1730,0.0,
1731,0.0,
1732,0.0,
1733,0.0,
1734,0.03172366599098888,
1735,0.0033954535223947773,
1736,0.26155998231335753,
1737,0.4676835781252606,
1738,0.0414144610109409,
1739,0.01535986220841383,
1740,0.13278774205164356,
1741,0.03427199371826583,
1742,0.2419790384040359,
1743,0.126805451839637,
1744,0.040214914815076136,
1745,0.3227942510755264,
1746,0.21561659066233352,
1747,0.0,
1748,0.0,
1749,0.0,
1750,0.0,
1751,0.0,
1752,0.0,
1753,0.0,
1754,0.02490701970229237,
1755,0.0033954535223947773,
1756,0.27156739927882284,
1757,0.45263833036954315,
1758,0.05179584210153976,
1759,0.018776895445042272,
1760,0.13897463335716528,
1761,0.03515154000368847,
1762,0.24197427767226282,
1763,0.12208085840966507,
1764,0.03909446110049875,
1765,0.31098771719353385,
1766,0.20220850838964216,
1767,0.0,
1768,0.0,
1769,0.0,
1770,0.0,
1771,0.0,
1772,0.0,
1773,0.0,
1774,0.02490701970229237,
1775,0.0033954535223947773,
1776,0.27156739927882284,
1777,0.45263833036954315,
1778,0.05179584210153976,
1779,0.018776895445042272,
1780,0.13897463335716528,
1781,0.03515154000368847,
1782,0.24197427767226282,
1783,0.12208085840966507,
1784,0.03909446110049875,
1785,0.31098771719353385,
1786,0.20220850838964216,
1787,0.0,
1788,0.0,
1789,0.0,
1790,0.0,
1791,0.0,
1792,0.0,
1793,0.0,
1794,0.02638165630625698,
1795,0.0033954535223947773,
1796,0.2694098941424348,
1797,0.4516991572997139,
1798,0.052431068140621644,
1799,0.016985989742470523,
1800,0.13767041516668133,
1801,0.03502725907263022,
1802,0.24033668425329233,
1803,0.12195657747860683,
1804,0.036970180169440515,
1805,0.3125622306310084,
1806,0.20457951939787486,
1807,0.0,
1808,0.0,
1809,0.0,
1810,0.0,
1811,0.0,
1812,0.0,
1813,0.0,
1814,0.02638165630625698,
1815,0.0033954535223947773,
1816,0.2694098941424348,
1817,0.4516991572997139,
1818,0.052431068140621644,
1819,0.016985989742470523,
1820,0.13767041516668133,
1821,0.03502725907263022,
1822,0.24033668425329233,
1823,0.12195657747860683,
1824,0.036970180169440515,
1825,0.3125622306310084,
1826,0.20457951939787486,
1827,0.0,
1828,0.0,
1829,0.0,
1830,0.0,
1831,0.0,
1832,0.0,
1833,0.0,
1834,0.027953291245526164,
1835,0.0013954535223947775,
1836,0.2607026039418923,
1837,0.4447554361914646,
1838,0.041324435738770114,
1839,0.023979650435719504,
1840,0.17882054553029142,
1841,0.06311717601143935,
1842,0.24305570277324964,
1843,0.14498741578071064,
1844,0.07050531855347107,
1845,0.29829386820297765,
1846,0.20242215300349223,
1847,0.0,
1848,0.0,
1849,0.0,
1850,0.0,
1851,0.0,
1852,0.0,
1853,0.0,
1854,0.023764977948200993,
1855,0.0013954535223947775,
1856,0.261236358564994,
1857,0.4542788473552494,
1858,0.047034202612846396,
1859,0.018985989742470524,
1860,0.14704105341451754,
1861,0.03842968477028089,
1862,0.2440673699552618,
1863,0.11592835929482459,
1864,0.03865515434354548,
1865,0.33096321877048657,
1866,0.2070820542810338,
1867,0.0,
1868,0.0,
1869,0.0,
1870,0.0,
1871,0.0,
1872,0.0,
1873,0.0,
1874,0.025698425421604092,
1875,0.0013954535223947775,
1876,0.24316905910479794,
1877,0.5053467537233063,
1878,0.04313941126679108,
1879,0.02358177676537585,
1880,0.1387722826306608,
1881,0.03213487803830589,
1882,0.19391575934690516,
1883,0.11027722870009449,
1884,0.034134878038305894,
1885,0.3033170437477979,
1886,0.19629170434312138,
1887,0.0,
1888,0.0,
1889,0.0,
1890,0.0,
1891,0.0,
1892,0.0,
1893,0.0,
1894,0.025698425421604092,
1895,0.0013954535223947775,
1896,0.24316905910479794,
1897,0.5053467537233063,
1898,0.04313941126679108,
1899,0.02358177676537585,
1900,0.1387722826306608,
1901,0.03213487803830589,
1902,0.19391575934690516,
1903,0.11027722870009449,
1904,0.034134878038305894,
1905,0.3033170437477979,
1906,0.19629170434312138,
1907,0.0,
1908,0.0,
1909,0.0,
1910,0.0,
1911,0.0,
1912,0.0,
1913,0.0,
1914,0.026207793287832386,
1915,0.0013954535223947775,
1916,0.2501960641662142,
1917,0.49634120054297654,
1918,0.030357322193457645,
1919,0.015581776765375855,
1920,0.15905675335274222,
1921,0.041096969257481936,
1922,0.2245815727814917,
1923,0.10539673342287521,
1924,0.04454219070270338,
1925,0.2986825982021267,
1926,0.2017436568253224,
1927,0.0,
1928,0.0,
1929,0.0,
1930,0.0,
1931,0.0,
1932,0.0,
1933,0.0,
1934,0.035693007937514,
1935,0.0013954535223947775,
1936,0.27506330407013335,
1937,0.4705953670059118,
1938,0.051134528743466995,
1939,0.02604478606448955,
1940,0.14053393456670046,
1941,0.043864687447041556,
1942,0.24051254790238752,
1943,0.1405616384749889,
1944,0.04559245736871729,
1945,0.3290744709491548,
1946,0.21920482056998525,
1947,0.0,
1948,0.0,
1949,0.0,
1950,0.0,
1951,0.0,
1952,0.0,
1953,0.0,
1954,0.02405900304279289,
1955,0.0033954535223947773,
1956,0.2598494152891551,
1957,0.5122236723050403,
1958,0.03398613111489569,
1959,0.02339530510175611,
1960,0.15379615234897137,
1961,0.04156062840563339,
1962,0.20518776256503227,
1963,0.1227767281227862,
1964,0.043560628405633385,
1965,0.3044781525754439,
1966,0.19846267580270635,
1967,0.0,
1968,0.0,
1969,0.0,
1970,0.0,
1971,0.0,
1972,0.0,
1973,0.0,
1974,0.034314667979335696,
1975,0.0013954535223947775,
1976,0.2509590586083194,
1977,0.4322712210489362,
1978,0.03399292027966726,
1979,0.01715076791098558,
1980,0.15355553535543257,
1981,0.047284939775532296,
1982,0.26027181007607814,
1983,0.14703696616494094,
1984,0.05522786087234259,
1985,0.3100167098535926,
1986,0.20921006027838712,
1987,0.0,
1988,0.0,
1989,0.0,
1990,0.0,
1991,0.0,
1992,0.0,
1993,0.0,
1994,0.025698425421604092,
1995,0.0013954535223947775,
1996,0.2465987557910237,
1997,0.5049961201869908,
1998,0.0428956361867529,
1999,0.02358177676537585,
2000,0.13704225123896216,
2001,0.03213487803830589,
2002,0.18841682638601964,
2003,0.11205755892263576,
2004,0.035915208260847174,
2005,0.3034769207219929,
2006,0.19467481469643827,
2007,0.0,
2008,0.0,
2009,0.0,
2010,0.0,
2011,0.0,
2012,0.0,
2013,0.0,
2014,0.03072866330040012,
2015,0.0013954535223947775,
2016,0.26699673910835664,
2017,0.5313831988888927,
2018,0.04549308120812726,
2019,0.026817420777464716,
2020,0.14137328099227564,
2021,0.02715947389148356,
2022,0.21261138247953845,
2023,0.06961574432419995,
2024,0.028939804114024838,
2025,0.3099283362779958,
2026,0.2108821705517839,
2027,0.0,
2028,0.0,
2029,0.0,
2030,0.0,
2031,0.0,
2032,0.0,
2033,0.0,
2034,0.025698425421604092,
2035,0.0013954535223947775,
2036,0.24431827133834752,
2037,0.5053467537233063,
2038,0.04313941126679108,
2039,0.02358177676537585,
2040,0.13681258290723133,
2041,0.03017517831487642,
2042,0.19231161963151058,
2043,0.10831752897666502,
2044,0.03217517831487642,
2045,0.3033170437477979,
2046,0.19629170434312138,
2047,0.0,
2048,0.0,
2049,0.0,
2050,0.0,
2051,0.0,
2052,0.0,
2053,0.0,
2054,0.02206281124188439,
2055,0.0013954535223947775,
2056,0.25172033530680255,
2057,0.5088453992303988,
2058,0.03340367554988024,
2059,0.02307453728426782,
2060,0.15172787062024212,
2061,0.04212282449435809,
2062,0.2129647555388804,
2063,0.12892158001544754,
2064,0.04790315471689937,
2065,0.30806270639162847,
2066,0.19945885490305776,
2067,0.0,
2068,0.0,
2069,0.0,
2070,0.0,
2071,0.0,
2072,0.0,
2073,0.0,
2074,0.026244845214117008,
2075,0.0013954535223947775,
2076,0.24785282996401933,
2077,0.5071009821264368,
2078,0.04464828166019966,
2079,0.02358177676537585,
2080,0.13638493974375557,
2081,0.028437306918095515,
2082,0.1982121788976853,
2083,0.11268819023207582,
2084,0.03221763714063679,
2085,0.3050712721509284,
2086,0.1968381241356343,
2087,0.0,
2088,0.0,
2089,0.0,
2090,0.0,
2091,0.0,
2092,0.0,
2093,0.0,
2094,0.025698425421604092,
2095,0.0013954535223947775,
2096,0.24431827133834752,
2097,0.5053467537233063,
2098,0.04313941126679108,
2099,0.02358177676537585,
2100,0.13681258290723133,
2101,0.03017517831487642,
2102,0.19231161963151058,
2103,0.10831752897666502,
2104,0.03217517831487642,
2105,0.3033170437477979,
2106,0.19629170434312138,
2107,0.0,
2108,0.0,
2109,0.0,
2110,0.0,
2111,0.0,
2112,0.0,
2113,0.0,
2114,0.025698425421604092,
2115,0.0013954535223947775,
2116,0.24431827133834752,
2117,0.5053467537233063,
2118,0.04313941126679108,
2119,0.02358177676537585,
2120,0.13681258290723133,
2121,0.03017517831487642,
2122,0.19231161963151058,
2123,0.10831752897666502,
2124,0.03217517831487642,
2125,0.3033170437477979,
2126,0.19629170434312138,
2127,0.0,
2128,0.0,
2129,0.0,
2130,0.0,
2131,0.0,
2132,0.0,
2133,0.0,
2134,0.025698425421604092,
2135,0.0013954535223947775,
2136,0.2449101887260169,
2137,0.5070878833445253,
2138,0.04313941126679108,
2139,0.02358177676537585,
2140,0.1387722826306608,
2141,0.03213487803830589,
2142,0.19391575934690516,
2143,0.11027722870009449,
2144,0.034134878038305894,
2145,0.30356868387952735,
2146,0.19629170434312138,
2147,0.0,
2148,0.0,
2149,0.0,
2150,0.0,
2151,0.0,
2152,0.0,
2153,0.0,
2154,0.024181070335248075,
2155,0.0013954535223947775,
2156,0.2592187629980669,
2157,0.5106262967526438,
2158,0.03210408739020227,
2159,0.015372682467947601,
2160,0.14382096965371224,
2161,0.03063508493057072,
2162,0.20156041937241273,
2163,0.08204937905662912,
2164,0.03263508493057072,
2165,0.29776741059321454,
2166,0.19708466602833086,
2167,0.0,
2168,0.0,
2169,0.0,
2170,0.0,
2171,0.0,
2172,0.0,
2173,0.0,
2174,0.03377935797715583,
2175,0.0013954535223947775,
2176,0.25275596481172014,
2177,0.43741783958323416,
2178,0.03306421446724925,
2179,0.01735986220841383,
2180,0.15008159218456066,
2181,0.04730907787607592,
2182,0.2603754224635515,
2183,0.14662654386652654,
2184,0.051251998972886216,
2185,0.31712079455026204,
2186,0.21242046690962688,
2187,0.0,
2188,0.0,
2189,0.0,
2190,0.0,
2191,0.0,
2192,0.0,
2193,0.0,
2194,0.025698425421604092,
2195,0.0013954535223947775,
2196,0.24590122584561416,
2197,0.5080789204641226,
2198,0.04313941126679108,
2199,0.021581776765375857,
2200,0.1383913634737175,
2201,0.031872789741179054,
2202,0.19553484018996187,
2203,0.11001514040296764,
2204,0.033872789741179056,
2205,0.30455972099912465,
2206,0.19728274146271865,
2207,0.0,
2208,0.0,
2209,0.0,
2210,0.0,
2211,0.0,
2212,0.0,
2213,0.0,
2214,0.026244845214117008,
2215,0.0013954535223947775,
2216,0.24575724557096323,
2217,0.5079349401894716,
2218,0.044193870422431336,
2219,0.02358177676537585,
2220,0.14150123145313126,
2221,0.033872789741179056,
2222,0.19664470816937563,
2223,0.11001514040296764,
2224,0.03587278974117906,
2225,0.30590523021396315,
2226,0.1988798908092867,
2227,0.0,
2228,0.0,
2229,0.0,
2230,0.0,
2231,0.0,
2232,0.0,
2233,0.0,
2234,0.02405900304279289,
2235,0.0033954535223947773,
2236,0.2598494152891551,
2237,0.5122236723050403,
2238,0.03398613111489569,
2239,0.02339530510175611,
2240,0.15379615234897137,
2241,0.04156062840563339,
2242,0.20518776256503227,
2243,0.1227767281227862,
2244,0.043560628405633385,
2245,0.3044781525754439,
2246,0.19846267580270635,
2247,0.0,
2248,0.0,
2249,0.0,
2250,0.0,
2251,0.0,
2252,0.0,
2253,0.0,
2254,0.035693007937514,
2255,0.0013954535223947775,
2256,0.27506330407013335,
2257,0.4705953670059118,
2258,0.051134528743466995,
2259,0.02604478606448955,
2260,0.14053393456670046,
2261,0.043864687447041556,
2262,0.24051254790238752,
2263,0.1405616384749889,
2264,0.04559245736871729,
2265,0.3290744709491548,
2266,0.21920482056998525,
2267,0.0,
2268,0.0,
2269,0.0,
2270,0.0,
2271,0.0,
2272,0.0,
2273,0.0,
2274,0.035693007937514,
2275,0.0013954535223947775,
2276,0.27506330407013335,
2277,0.4705953670059118,
2278,0.051134528743466995,
2279,0.02604478606448955,
2280,0.14053393456670046,
2281,0.043864687447041556,
2282,0.24051254790238752,
2283,0.1405616384749889,
2284,0.04559245736871729,
2285,0.3290744709491548,
2286,0.21920482056998525,
2287,0.0,
2288,0.0,
2289,0.0,
2290,0.0,
2291,0.0,
2292,0.0,
2293,0.0,
2294,0.025698425421604092,
2295,0.0013954535223947775,
2296,0.24431827133834752,
2297,0.5053467537233063,
2298,0.04313941126679108,
2299,0.02358177676537585,
2300,0.13681258290723133,
2301,0.03017517831487642,
2302,0.19231161963151058,
2303,0.10831752897666502,
2304,0.03217517831487642,
2305,0.3033170437477979,
2306,0.19629170434312138,
2307,0.0,
2308,0.0,
2309,0.0,
2310,0.0,
2311,0.0,
2312,0.0,
2313,0.0,
2314,0.024745857786545256,
2315,0.0013954535223947775,
2316,0.2605067858347646,
2317,0.4958178942352931,
2318,0.04168013548462974,
2319,0.028480678417718924,
2320,0.145008282546169,
2321,0.04119971773388839,
2322,0.20834721746785279,
2323,0.0926140118599468,
2324,0.04319971773388839,
2325,0.3133038308214041,
2326,0.2036155524522609,
2327,0.0,
2328,0.0,
2329,0.0,
2330,0.0,
2331,0.0,
2332,0.0,
2333,0.0,
2334,0.025698425421604092,
2335,0.0013954535223947775,
2336,0.24316905910479794,
2337,0.5053467537233063,
2338,0.04313941126679108,
2339,0.02358177676537585,
2340,0.1387722826306608,
2341,0.03213487803830589,
2342,0.19391575934690516,
2343,0.11027722870009449,
2344,0.034134878038305894,
2345,0.3033170437477979,
2346,0.19629170434312138,
2347,0.0,
2348,0.0,
2349,0.0,
2350,0.0,
2351,0.0,
2352,0.0,
2353,0.0,
2354,0.025698425421604092,
2355,0.0013954535223947775,
2356,0.24316905910479794,
2357,0.5053467537233063,
2358,0.04313941126679108,
2359,0.02358177676537585,
2360,0.1387722826306608,
2361,0.03213487803830589,
2362,0.19391575934690516,
2363,0.11027722870009449,
2364,0.034134878038305894,
2365,0.3033170437477979,
2366,0.19629170434312138,
2367,0.0,
2368,0.0,
2369,0.0,
2370,0.0,
2371,0.0,
2372,0.0,
2373,0.0,
2374,0.035693007937514,
2375,0.0013954535223947775,
2376,0.27506330407013335,
2377,0.4705953670059118,
2378,0.051134528743466995,
2379,0.02604478606448955,
2380,0.14053393456670046,
2381,0.043864687447041556,
2382,0.24051254790238752,
2383,0.1405616384749889,
2384,0.04559245736871729,
2385,0.3290744709491548,
2386,0.21920482056998525,
2387,0.0,
2388,0.0,
2389,0.0,
2390,0.0,
2391,0.0,
2392,0.0,
2393,0.0,
2394,0.025698425421604092,
2395,0.0013954535223947775,
2396,0.24431827133834752,
2397,0.5053467537233063,
2398,0.04313941126679108,
2399,0.02358177676537585,
2400,0.13681258290723133,
2401,0.03017517831487642,
2402,0.19231161963151058,
2403,0.10831752897666502,
2404,0.03217517831487642,
2405,0.3033170437477979,
2406,0.19629170434312138,
2407,0.0,
2408,0.0,
2409,0.0,
2410,0.0,
2411,0.0,
2412,0.0,
2413,0.0,
2414,0.02426429284050395,
2415,0.0013954535223947775,
2416,0.2492498370446804,
2417,0.5044979892070981,
2418,0.04108595252121075,
2419,0.022,
2420,0.14124528885990995,
2421,0.030041446633490083,
2422,0.20906886222700977,
2423,0.11284020215457956,
2424,0.03382177685603136,
2425,0.30978501502155054,
2426,0.196208828736253,
2427,0.0,
2428,0.0,
2429,0.0,
2430,0.0,
2431,0.0,
2432,0.0,
2433,0.0,
2434,0.02405900304279289,
2435,0.0033954535223947773,
2436,0.2598494152891551,
2437,0.5122236723050403,
2438,0.03398613111489569,
2439,0.02339530510175611,
2440,0.15379615234897137,
2441,0.04156062840563339,
2442,0.20518776256503227,
2443,0.1227767281227862,
2444,0.043560628405633385,
2445,0.3044781525754439,
2446,0.19846267580270635,
2447,0.0,
2448,0.0,
2449,0.0,
2450,0.0,
2451,0.0,
2452,0.0,
2453,0.0,
2454,0.026244845214117008,
2455,0.0013954535223947775,
2456,0.24575724557096323,
2457,0.5079349401894716,
2458,0.044193870422431336,
2459,0.02358177676537585,
2460,0.14150123145313126,
2461,0.033872789741179056,
2462,0.19664470816937563,
2463,0.11001514040296764,
2464,0.03587278974117906,
2465,0.30590523021396315,
2466,0.1988798908092867,
2467,0.0,
2468,0.0,
2469,0.0,
2470,0.0,
2471,0.0,
2472,0.0,
2473,0.0,
2474,0.026244845214117008,
2475,0.0013954535223947775,
2476,0.24575724557096323,
2477,0.5079349401894716,
2478,0.044193870422431336,
2479,0.02358177676537585,
2480,0.14150123145313126,
2481,0.033872789741179056,
2482,0.19664470816937563,
2483,0.11001514040296764,
2484,0.03587278974117906,
2485,0.30590523021396315,
2486,0.1988798908092867,
2487,0.0,
2488,0.0,
2489,0.0,
2490,0.0,
2491,0.0,
2492,0.0,
2493,0.0,
2494,0.026244845214117008,
2495,0.0013954535223947775,
2496,0.24575724557096323,
2497,0.5079349401894716,
2498,0.044193870422431336,
2499,0.02358177676537585,
2500,0.14150123145313126,
2501,0.033872789741179056,
2502,0.19664470816937563,
2503,0.11001514040296764,
2504,0.03587278974117906,
2505,0.30590523021396315,
2506,0.1988798908092867,
2507,0.0,
2508,0.0,
2509,0.0,
2510,0.0,
2511,0.0,
2512,0.0,
2513,0.0,
2514,0.026244845214117008,
2515,0.0013954535223947775,
2516,0.24575724557096323,
2517,0.5079349401894716,
2518,0.044193870422431336,
2519,0.02358177676537585,
2520,0.14150123145313126,
2521,0.033872789741179056,
2522,0.19664470816937563,
2523,0.11001514040296764,
2524,0.03587278974117906,
2525,0.30590523021396315,
2526,0.1988798908092867,
2527,0.0,
2528,0.0,
2529,0.0,
2530,0.0,
2531,0.0,
2532,0.0,
2533,0.0,
2534,0.026244845214117008,
2535,0.0013954535223947775,
2536,0.24575724557096323,
2537,0.5079349401894716,
2538,0.044193870422431336,
2539,0.02358177676537585,
2540,0.14150123145313126,
2541,0.033872789741179056,
2542,0.19664470816937563,
2543,0.11001514040296764,
2544,0.03587278974117906,
2545,0.30590523021396315,
2546,0.1988798908092867,
2547,0.0,
2548,0.0,
2549,0.0,
2550,0.0,
2551,0.0,
2552,0.0,
2553,0.0,
2554,0.026244845214117008,
2555,0.0013954535223947775,
2556,0.24575724557096323,
2557,0.5079349401894716,
2558,0.044193870422431336,
2559,0.02358177676537585,
2560,0.14150123145313126,
2561,0.033872789741179056,
2562,0.19664470816937563,
2563,0.11001514040296764,
2564,0.03587278974117906,
2565,0.30590523021396315,
2566,0.1988798908092867,
2567,0.0,
2568,0.0,
2569,0.0,
2570,0.0,
2571,0.0,
2572,0.0,
2573,0.0,
2574,0.026244845214117008,
2575,0.0013954535223947775,
2576,0.24575724557096323,
2577,0.5079349401894716,
2578,0.044193870422431336,
2579,0.02358177676537585,
2580,0.14150123145313126,
2581,0.033872789741179056,
2582,0.19664470816937563,
2583,0.11001514040296764,
2584,0.03587278974117906,
2585,0.30590523021396315,
2586,0.1988798908092867,
2587,0.0,
2588,0.0,
2589,0.0,
2590,0.0,
2591,0.0,
2592,0.0,
2593,0.0,
2594,0.025698425421604092,
2595,0.0013954535223947775,
2596,0.24521082577845033,
2597,0.509236508474455,
2598,0.04364745062991843,
2599,0.02358177676537585,
2600,0.14150123145313126,
2601,0.033872789741179056,
2602,0.19795441360301017,
2603,0.11201514040296764,
2604,0.03787278974117905,
2605,0.308516503932581,
2606,0.19964317645040833,
2607,0.0,
2608,0.0,
2609,0.0,
2610,0.0,
2611,0.0,
2612,0.0,
2613,0.0,
2614,0.025698425421604092,
2615,0.0013954535223947775,
2616,0.24316905910479794,
2617,0.5053467537233063,
2618,0.04313941126679108,
2619,0.02358177676537585,
2620,0.1387722826306608,
2621,0.03213487803830589,
2622,0.19391575934690516,
2623,0.11027722870009449,
2624,0.034134878038305894,
2625,0.3033170437477979,
2626,0.19629170434312138,
2627,0.0,
2628,0.0,
2629,0.0,
2630,0.0,
2631,0.0,
2632,0.0,
2633,0.0,
2634,0.025698425421604092,
2635,0.0013954535223947775,
2636,0.24431827133834752,
2637,0.5053467537233063,
2638,0.04313941126679108,
2639,0.02358177676537585,
2640,0.13681258290723133,
2641,0.03017517831487642,
2642,0.19231161963151058,
2643,0.10831752897666502,
2644,0.03217517831487642,
2645,0.3033170437477979,
2646,0.19629170434312138,
2647,0.0,
2648,0.0,
2649,0.0,
2650,0.0,
2651,0.0,
2652,0.0,
2653,0.0,
2654,0.025698425421604092,
2655,0.0013954535223947775,
2656,0.24431827133834752,
2657,0.5053467537233063,
2658,0.04313941126679108,
2659,0.02358177676537585,
2660,0.13681258290723133,
2661,0.03017517831487642,
2662,0.19231161963151058,
2663,0.10831752897666502,
2664,0.03217517831487642,
2665,0.3033170437477979,
2666,0.19629170434312138,
2667,0.0,
2668,0.0,
2669,0.0,
2670,0.0,
2671,0.0,
2672,0.0,
2673,0.0,
2674,0.035693007937514,
2675,0.0013954535223947775,
2676,0.27506330407013335,
2677,0.4705953670059118,
2678,0.051134528743466995,
2679,0.02604478606448955,
2680,0.14053393456670046,
2681,0.043864687447041556,
2682,0.24051254790238752,
2683,0.1405616384749889,
2684,0.04559245736871729,
2685,0.3290744709491548,
2686,0.21920482056998525,
2687,0.0,
2688,0.0,
2689,0.0,
2690,0.0,
2691,0.0,
2692,0.0,
2693,0.0,
2694,0.025698425421604092,
2695,0.0013954535223947775,
2696,0.24431827133834752,
2697,0.5053467537233063,
2698,0.04313941126679108,
2699,0.02358177676537585,
2700,0.13681258290723133,
2701,0.03017517831487642,
2702,0.19231161963151058,
2703,0.10831752897666502,
2704,0.03217517831487642,
2705,0.3033170437477979,
2706,0.19629170434312138,
2707,0.0,
2708,0.0,
2709,0.0,
2710,0.0,
2711,0.0,
2712,0.0,
2713,0.0,
2714,0.025698425421604092,
2715,0.0013954535223947775,
2716,0.24431827133834752,
2717,0.5053467537233063,
2718,0.04313941126679108,
2719,0.02358177676537585,
2720,0.13681258290723133,
2721,0.03017517831487642,
2722,0.19231161963151058,
2723,0.10831752897666502,
2724,0.03217517831487642,
2725,0.3033170437477979,
2726,0.19629170434312138,
2727,0.0,
2728,0.0,
2729,0.0,
2730,0.0,
2731,0.0,
2732,0.0,
2733,0.0,
2734,0.025698425421604092,
2735,0.0013954535223947775,
2736,0.24431827133834752,
2737,0.5053467537233063,
2738,0.04313941126679108,
2739,0.02358177676537585,
2740,0.13681258290723133,
2741,0.03017517831487642,
2742,0.19231161963151058,
2743,0.10831752897666502,
2744,0.03217517831487642,
2745,0.3033170437477979,
2746,0.19629170434312138,
2747,0.0,
2748,0.0,
2749,0.0,
2750,0.0,
2751,0.0,
2752,0.0,
2753,0.0,
2754,0.025698425421604092,
2755,0.0013954535223947775,
2756,0.24316905910479794,
2757,0.5053467537233063,
2758,0.04313941126679108,
2759,0.02358177676537585,
2760,0.1387722826306608,
2761,0.03213487803830589,
2762,0.19391575934690516,
2763,0.11027722870009449,
2764,0.034134878038305894,
2765,0.3033170437477979,
2766,0.19629170434312138,
2767,0.0,
2768,0.0,
2769,0.0,
2770,0.0,
2771,0.0,
2772,0.0,
2773,0.0,
2774,0.025698425421604092,
2775,0.0013954535223947775,
2776,0.24316905910479794,
2777,0.5053467537233063,
2778,0.04313941126679108,
2779,0.02358177676537585,
2780,0.1387722826306608,
2781,0.03213487803830589,
2782,0.19391575934690516,
2783,0.11027722870009449,
2784,0.034134878038305894,
2785,0.3033170437477979,
2786,0.19629170434312138,
2787,0.0,
2788,0.0,
2789,0.0,
2790,0.0,
2791,0.0,
2792,0.0,
2793,0.0,
2794,0.025698425421604092,
2795,0.0013954535223947775,
2796,0.24431827133834752,
2797,0.5053467537233063,
2798,0.04313941126679108,
2799,0.02358177676537585,
2800,0.13681258290723133,
2801,0.03017517831487642,
2802,0.19231161963151058,
2803,0.10831752897666502,
2804,0.03217517831487642,
2805,0.3033170437477979,
2806,0.19629170434312138,
2807,0.0,
2808,0.0,
2809,0.0,
2810,0.0,
2811,0.0,
2812,0.0,
2813,0.0,
2814,0.025698425421604092,
2815,0.0013954535223947775,
2816,0.24316905910479794,
2817,0.5053467537233063,
2818,0.04313941126679108,
2819,0.02358177676537585,
2820,0.1387722826306608,
2821,0.03213487803830589,
2822,0.19391575934690516,
2823,0.11027722870009449,
2824,0.034134878038305894,
2825,0.3033170437477979,
2826,0.19629170434312138,
2827,0.0,
2828,0.0,
2829,0.0,
2830,0.0,
2831,0.0,
2832,0.0,
2833,0.0,
2834,0.028161052883676457,
2835,0.0013954535223947775,
2836,0.2626984907953692,
2837,0.5308712261128357,
2838,0.036446927361973414,
2839,0.020817420777464714,
2840,0.14306367828304947,
2841,0.026333315199418162,
2842,0.21230177977031234,
2843,0.07268561009696636,
2844,0.02811364542195944,
2845,0.3089202588621495,
2846,0.20152845016751122,
2847,0.0,
2848,0.0,
2849,0.0,
2850,0.0,
2851,0.0,
2852,0.0,
2853,0.0,
2854,0.02290674227120303,
2855,0.0013954535223947775,
2856,0.24802237210333436,
2857,0.5260124891578627,
2858,0.030934185995917157,
2859,0.01,
2860,0.11455521726227856,
2861,0.019333558974505435,
2862,0.16106496705244272,
2863,0.07985748726217681,
2864,0.021113889197046713,
2865,0.30353785054442234,
2866,0.18280995837621672,
2867,0.0,
2868,0.0,
2869,0.0,
2870,0.0,
2871,0.0,
2872,0.0,
2873,0.0,
2874,0.01933917825923519,
2875,0.0013954535223947775,
2876,0.2545264742908356,
2877,0.5312692376245647,
2878,0.03599964580375996,
2879,0.01396762932402412,
2880,0.1277990056776449,
2881,0.02338827517359643,
2882,0.1592279672921195,
2883,0.058520240757043894,
2884,0.025168605396137706,
2885,0.3016815497886584,
2886,0.18592048724384438,
2887,0.0,
2888,0.0,
2889,0.0,
2890,0.0,
2891,0.0,
2892,0.0,
2893,0.0,
2894,0.025698425421604092,
2895,0.0013954535223947775,
2896,0.24431827133834752,
2897,0.5053467537233063,
2898,0.04313941126679108,
2899,0.02358177676537585,
2900,0.13681258290723133,
2901,0.03017517831487642,
2902,0.19231161963151058,
2903,0.10831752897666502,
2904,0.03217517831487642,
2905,0.3033170437477979,
2906,0.19629170434312138,
2907,0.0,
2908,0.0,
2909,0.0,
2910,0.0,
2911,0.0,
2912,0.0,
2913,0.0,
2914,0.025698425421604092,
2915,0.0013954535223947775,
2916,0.24316905910479794,
2917,0.5053467537233063,
2918,0.04313941126679108,
2919,0.02358177676537585,
2920,0.1387722826306608,
2921,0.03213487803830589,
2922,0.19391575934690516,
2923,0.11027722870009449,
2924,0.034134878038305894,
2925,0.3033170437477979,
2926,0.19629170434312138,
2927,0.0,
2928,0.0,
2929,0.0,
2930,0.0,
2931,0.0,
2932,0.0,
2933,0.0,
2934,0.03154634289169558,
2935,0.0013954535223947775,
2936,0.24260303569933023,
2937,0.44481382522716667,
2938,0.03372635970199476,
2939,0.013778085443037975,
2940,0.157022612509337,
2941,0.051908475691464,
2942,0.25689347337262425,
2943,0.17278441890120827,
2944,0.05585139678827429,
2945,0.3083194788031692,
2946,0.21401115223137257,
2947,0.0,
2948,0.0,
2949,0.0,
2950,0.0,
2951,0.0,
2952,0.0,
2953,0.0,
2954,0.026402187635449506,
2955,0.0013954535223947775,
2956,0.2627111387695222,
2957,0.5350754627958625,
2958,0.03564713865866605,
2959,0.020849791453440594,
2960,0.16598270705159807,
2961,0.038529437220854494,
2962,0.21799629939847573,
2963,0.08022355767013375,
2964,0.040529437220854496,
2965,0.3021054355497034,
2966,0.2014093995853706,
2967,0.0,
2968,0.0,
2969,0.0,
2970,0.0,
2971,0.0,
2972,0.0,
2973,0.0,
2974,0.03227601287989556,
2975,0.0013954535223947775,
2976,0.24806901684945581,
2977,0.5128738379375699,
2978,0.039830274686888975,
2979,0.016954640972790556,
2980,0.12699950228320434,
2981,0.0342730157542947,
2982,0.20453321486806805,
2983,0.13289379626312145,
2984,0.03771823719951614,
2985,0.3178896365233645,
2986,0.20926916580258398,
2987,0.0,
2988,0.0,
2989,0.0,
2990,0.0,
2991,0.0,
2992,0.0,
2993,0.0,
2994,0.025698425421604092,
2995,0.0013954535223947775,
2996,0.24316905910479794,
2997,0.5053467537233063,
2998,0.04313941126679108,
2999,0.02358177676537585,
3000,0.1387722826306608,
3001,0.03213487803830589,
3002,0.19391575934690516,
3003,0.11027722870009449,
3004,0.034134878038305894,
3005,0.3033170437477979,
3006,0.19629170434312138,
3007,0.0,
3008,0.0,
3009,0.0,
3010,0.0,
3011,0.0,
3012,0.0,
3013,0.0,
3014,0.024827176159369656,
3015,0.0013954535223947775,
3016,0.2612101626254616,
3017,0.5101715776927326,
3018,0.035838228779966015,
3019,0.021465559522686906,
3020,0.18011386304311203,
3021,0.04195270971920043,
3022,0.21988571694602466,
3023,0.12040126745178535,
3024,0.045733039941741715,
3025,0.31932552968610545,
3026,0.20999439687167623,
3027,0.0,
3028,0.0,
3029,0.0,
3030,0.0,
3031,0.0,
3032,0.0,
3033,0.0,
3034,0.019652737539983242,
3035,0.0013954535223947775,
3036,0.25836929576810075,
3037,0.5334181058538507,
3038,0.034329283547762546,
3039,0.015192672847008686,
3040,0.1378236666626034,
3041,0.030063697168559063,
3042,0.19626637698478583,
3043,0.07651996760127547,
3044,0.031844027391100344,
3045,0.3033161008690526,
3046,0.1977060335628561,
3047,0.0,
3048,0.0,
3049,0.0,
3050,0.0,
3051,0.0,
3052,0.0,
3053,0.0,
3054,0.025698425421604092,
3055,0.0013954535223947775,
3056,0.24431827133834752,
3057,0.5053467537233063,
3058,0.04313941126679108,
3059,0.02358177676537585,
3060,0.13681258290723133,
3061,0.03017517831487642,
3062,0.19231161963151058,
3063,0.10831752897666502,
3064,0.03217517831487642,
3065,0.3033170437477979,
3066,0.19629170434312138,
3067,0.0,
3068,0.0,
3069,0.0,
3070,0.0,
3071,0.0,
3072,0.0,
3073,0.0,
3074,0.025698425421604092,
3075,0.0013954535223947775,
3076,0.24316905910479794,
3077,0.5053467537233063,
3078,0.04313941126679108,
3079,0.02358177676537585,
3080,0.1387722826306608,
3081,0.03213487803830589,
3082,0.19391575934690516,
3083,0.11027722870009449,
3084,0.034134878038305894,
3085,0.3033170437477979,
3086,0.19629170434312138,
3087,0.0,
3088,0.0,
3089,0.0,
3090,0.0,
3091,0.0,
3092,0.0,
3093,0.0,
3094,0.023494943602245546,
3095,0.0013954535223947775,
3096,0.25307763226370944,
3097,0.5332351206285213,
3098,0.03641482679267551,
3099,0.021162806423815697,
3100,0.16610212286049406,
3101,0.041297714690327704,
3102,0.1987025677389479,
3103,0.07899183513960695,
3104,0.0432977146903277,
3105,0.30213729886261326,
3106,0.1904628746789046,
3107,0.0,
3108,0.0,
3109,0.0,
3110,0.0,
3111,0.0,
3112,0.0,
3113,0.0,
3114,0.025698425421604092,
3115,0.0013954535223947775,
3116,0.24431827133834752,
3117,0.5053467537233063,
3118,0.04313941126679108,
3119,0.02358177676537585,
3120,0.13681258290723133,
3121,0.03017517831487642,
3122,0.19231161963151058,
3123,0.10831752897666502,
3124,0.03217517831487642,
3125,0.3033170437477979,
3126,0.19629170434312138,
3127,0.0,
3128,0.0,
3129,0.0,
3130,0.0,
3131,0.0,
3132,0.0,
3133,0.0,
3134,0.025365658336778604,
3135,0.0013954535223947775,
3136,0.2664778548293151,
3137,0.5328813955341292,
3138,0.03764713865866604,
3139,0.024817420777464714,
3140,0.1753087261555659,
3141,0.0431285349714573,
3142,0.20990813848491524,
3143,0.08104232519819526,
3144,0.0451285349714573,
3145,0.3003500271824523,
3146,0.2051942821701306,
3147,0.0,
3148,0.0,
3149,0.0,
3150,0.0,
3151,0.0,
3152,0.0,
3153,0.0,
3154,0.026244845214117008,
3155,0.0013954535223947775,
3156,0.24575724557096323,
3157,0.5079349401894716,
3158,0.044193870422431336,
3159,0.02358177676537585,
3160,0.14150123145313126,
3161,0.033872789741179056,
3162,0.19664470816937563,
3163,0.11001514040296764,
3164,0.03587278974117906,
3165,0.30590523021396315,
3166,0.1988798908092867,
3167,0.0,
3168,0.0,
3169,0.0,
3170,0.0,
3171,0.0,
3172,0.0,
3173,0.0,
3174,0.026244845214117008,
3175,0.0013954535223947775,
3176,0.24575724557096323,
3177,0.5079349401894716,
3178,0.044193870422431336,
3179,0.02358177676537585,
3180,0.14150123145313126,
3181,0.033872789741179056,
3182,0.19664470816937563,
3183,0.11001514040296764,
3184,0.03587278974117906,
3185,0.30590523021396315,
3186,0.1988798908092867,
3187,0.0,
3188,0.0,
3189,0.0,
3190,0.0,
3191,0.0,
3192,0.0,
3193,0.0,
3194,0.027274782807327504,
3195,0.0013954535223947775,
3196,0.2498852521681662,
3197,0.5228063241171802,
3198,0.03180144267772753,
3199,0.015581776765375855,
3200,0.15067701290200133,
3201,0.034213630525320296,
3202,0.1918419137139363,
3203,0.07755064683842565,
3204,0.039658851970541746,
3205,0.2935699025854784,
3206,0.1916763377117665,
3207,0.0,
3208,0.0,
3209,0.0,
3210,0.0,
3211,0.0,
3212,0.0,
3213,0.0,
3214,0.023099340540555287,
3215,0.0013954535223947775,
3216,0.25319695633827666,
3217,0.5129414930162749,
3218,0.03620346425318761,
3219,0.025074537284267815,
3220,0.15139036449323084,
3221,0.04589886530396809,
3222,0.21223138912726364,
3223,0.13230176054045212,
3224,0.051679195526509375,
3225,0.3116062329294563,
3226,0.2020510723995627,
3227,0.0,
3228,0.0,
3229,0.0,
3230,0.0,
3231,0.0,
3232,0.0,
3233,0.0,
3234,0.027943271569873935,
3235,0.0013954535223947775,
3236,0.2430144861882601,
3237,0.5059644360501432,
3238,0.04117796107595534,
3239,0.018,
3240,0.11212527174953343,
3241,0.014518114280875512,
3242,0.17463216777450735,
3243,0.07719405449105063,
3244,0.014518114280875512,
3245,0.3010057704306486,
3246,0.18869697745350217,
3247,0.0,
3248,0.0,
3249,0.0,
3250,0.0,
3251,0.0,
3252,0.0,
3253,0.0,
3254,0.025790646860698756,
3255,0.0033954535223947773,
3256,0.2535229432301928,
3257,0.5119237954815483,
3258,0.035022526525578766,
3259,0.017581776765375857,
3260,0.14815700662973197,
3261,0.035514488894794735,
3262,0.20548442868763012,
3263,0.11473058861194756,
3264,0.03751448889479474,
3265,0.30567928219679097,
3266,0.1965658030594628,
3267,0.0,
3268,0.0,
3269,0.0,
3270,0.0,
3271,0.0,
3272,0.0,
3273,0.0,
3274,0.025698425421604092,
3275,0.0013954535223947775,
3276,0.24431827133834752,
3277,0.5053467537233063,
3278,0.04313941126679108,
3279,0.02358177676537585,
3280,0.13681258290723133,
3281,0.03017517831487642,
3282,0.19231161963151058,
3283,0.10831752897666502,
3284,0.03217517831487642,
3285,0.3033170437477979,
3286,0.19629170434312138,
3287,0.0,
3288,0.0,
3289,0.0,
3290,0.0,
3291,0.0,
3292,0.0,
3293,0.0,
3294,0.025698425421604092,
3295,0.0013954535223947775,
3296,0.24316905910479794,
3297,0.5053467537233063,
3298,0.04313941126679108,
3299,0.02358177676537585,
3300,0.1387722826306608,
3301,0.03213487803830589,
3302,0.19391575934690516,
3303,0.11027722870009449,
3304,0.034134878038305894,
3305,0.3033170437477979,
3306,0.19629170434312138,
3307,0.0,
3308,0.0,
3309,0.0,
3310,0.0,
3311,0.0,
3312,0.0,
3313,0.0,
3314,0.025698425421604092,
3315,0.0013954535223947775,
3316,0.24431827133834752,
3317,0.5053467537233063,
3318,0.04313941126679108,
3319,0.02358177676537585,
3320,0.13681258290723133,
3321,0.03017517831487642,
3322,0.19231161963151058,
3323,0.10831752897666502,
3324,0.03217517831487642,
3325,0.3033170437477979,
3326,0.19629170434312138,
3327,0.0,
3328,0.0,
3329,0.0,
3330,0.0,
3331,0.0,
3332,0.0,
3333,0.0,
3334,0.026244845214117008,
3335,0.0013954535223947775,
3336,0.24575724557096323,
3337,0.5079349401894716,
3338,0.044193870422431336,
3339,0.02358177676537585,
3340,0.14150123145313126,
3341,0.033872789741179056,
3342,0.19664470816937563,
3343,0.11001514040296764,
3344,0.03587278974117906,
3345,0.30590523021396315,
3346,0.1988798908092867,
3347,0.0,
3348,0.0,
3349,0.0,
3350,0.0,
3351,0.0,
3352,0.0,
3353,0.0,
3354,0.026244845214117008,
3355,0.0013954535223947775,
3356,0.24575724557096323,
3357,0.5079349401894716,
3358,0.044193870422431336,
3359,0.02358177676537585,
3360,0.14150123145313126,
3361,0.033872789741179056,
3362,0.19664470816937563,
3363,0.11001514040296764,
3364,0.03587278974117906,
3365,0.30590523021396315,
3366,0.1988798908092867,
3367,0.0,
3368,0.0,
3369,0.5129046508516006,
3370,0.5033838577084365,
3371,0.5129046508516006,
3372,0.19979993003887828,
3373,0.003064299311050184,
3374,0.2479736168046357,
3375,0.534529266155413,
3376,0.05583320847960766,
3377,0.05583320847960766,
3378,0.3172034924049642,
3379,0.534529266155413,
3380,0.3282646312170085,
3381,0.4634728203469645,
3382,0.0564993677506329,
3383,0.0564993677506329,
3384,0.2569771056640903,
3385,0.4634728203469645,
3386,0.3282646312170085,
3387,0.534529266155413,
3388,0.3223770778690174,
3389,0.3337899993648303,
3390,0.42213786971846207,
3391,0.016713099860136613,
3392,0.5150396810151154,
3393,0.502876873594551,
3394,0.0018425318409880354,
3395,0.5146805479953878,
3396,0.5051597548522236,
3397,0.5146805479953878,
3398,0.19979993003887828,
3399,0.003064299311050184,
3400,0.2479736168046357,
3401,0.5363051632992001,
3402,0.05583320847960766,
3403,0.05583320847960766,
3404,0.3172034924049642,
3405,0.5363051632992001,
3406,0.3282646312170085,
3407,0.46524871749075164,
3408,0.0564993677506329,
3409,0.0564993677506329,
3410,0.2569771056640903,
3411,0.46524871749075164,
3412,0.3282646312170085,
3413,0.5363051632992001,
3414,0.3203770778690174,
3415,0.3335658965086174,
3416,0.42213786971846207,
3417,0.016713099860136613,
3418,0.5150396810151154,
3419,0.502876873594551,
3420,0.0018425318409880354,
3421,0.12476223037731583,
3422,0.08792711939692587,
3423,0.4136096421553086,
3424,0.0017241247952458954,
3425,0.0,
3426,0.0,
3427,0.0,
3428,0.0,
3429,0.0,
3430,0.0,
3431,0.0,
3432,0.0,
3433,0.0,
3434,0.12476223037731583,
3435,0.08792711939692587,
3436,0.41325767213195047,
3437,0.0017241247952458954,
3438,0.0,
3439,0.0,
3440,0.0,
3441,0.0,
3442,0.0,
3443,0.0,
3444,0.0,
3445,0.0,
3446,0.0,
3447,0.12476223037731583,
3448,0.08792711939692587,
3449,0.41275764719941627,
3450,0.0017241247952458954,
3451,0.0,
3452,0.0,
3453,0.0,
3454,0.0,
3455,0.0,
3456,0.0,
3457,0.0,
3458,0.0,
3459,0.0,
3460,0.1320053469409927,
3461,0.09283522113583993,
3462,0.4398303200554363,
3463,0.0017241247952458954,
3464,0.0,
3465,0.0,
3466,0.0,
3467,0.0,
3468,0.0,
3469,0.0,
3470,0.0,
3471,0.0,
3472,0.0,
3473,0.6178550435230319,
3474,0.3904336085770997,
3475,0.3904336085770997,
3476,0.3904336085770997,
3477,0.6178550435230319,
3478,0.3895002042219125,
3479,0.3904336085770997,
3480,0.3895002042219125,
3481,0.01488220604900618,
3482,0.16963078759912503,
3483,0.23710401327322525,
3484,0.3212530345239578,
3485,0.37900875716847626,
3486,0.3212530345239578,
3487,0.37900875716847626,
3488,0.06797028528399768,
3489,0.08665757336029575,
3490,0.13891337846785412,
3491,0.7546501932911005,
3492,0.48314040960980353,
3493,0.5608013994635767,
3494,0.5970709076946952,
3495,0.0130142472203876,
3496,0.16989077379609238,
3497,0.24367344289113466,
3498,0.32711196754434857,
3499,0.38660109731713155,
3500,0.32711196754434857,
3501,0.38660109731713155,
3502,0.06761748721017456,
3503,0.08789383007229443,
3504,0.1327084373089654,
3505,0.7608186639078175,
3506,0.48438815869253815,
3507,0.5611495999226508,
3508,0.598985758558692,
3509,0.0015470991890205853,
3510,0.0,
3511,0.45283521072300015,
3512,0.0,
3513,0.008881070458940548,
3514,0.008881070458940548,
3515,0.0015470991890205853,
3516,0.0,
3517,0.4542312117750719,
3518,0.0,
3519,0.008988527541546887,
3520,0.008988527541546887,
3521,0.020532694163567365,
3522,0.011830136442210471,
3523,0.020532694163567365,
3524,0.011830136442210471,
3525,0.1797467422094703,
3526,0.38747808817703294,
3527,0.17700379312099895,
3528,0.19882249688417775,
3529,0.22858782883188786,
3530,0.3361037577073634,
3531,0.23236095799482553,
3532,0.6105754635653575,
3533,0.22658782883188786,
3534,0.33179240387789766,
3535,0.4050164135128387,
3536,0.31329509212490597,
3537,0.5724060258384849,
3538,0.5435161391225037,
3539,0.5724060258384849,
3540,0.17390579626936484,
3541,0.17562282601185686,
3542,0.5359588163375845,
3543,0.552703845985258,
3544,0.552703845985258,
3545,0.5166391736367715,
3546,0.6477678969131889,
3547,0.6477678969131889,
3548,0.5657788111831507,
3549,0.5368692278243018,
3550,0.5657788111831507,
3551,0.17339484077622724,
3552,0.17377716628069595,
3553,0.5279772008013592,
3554,0.5447419270919004,
3555,0.5447419270919004,
3556,0.5117599626144204,
3557,0.6392206326742743,
3558,0.6392206326742743,
3559,0.5657788111831507,
3560,0.5368692278243018,
3561,0.5657788111831507,
3562,0.17339484077622724,
3563,0.17377716628069595,
3564,0.5279772008013592,
3565,0.5447419270919004,
3566,0.5447419270919004,
3567,0.5117599626144204,
3568,0.6392206326742743,
3569,0.6392206326742743,
3570,0.6062401174052514,
3571,0.5654350761133238,
3572,0.6062401174052514,
3573,0.1811524849921579,
3574,0.17853518531636126,
3575,0.5450535132220555,
3576,0.5755351024502448,
3577,0.5755351024502448,
3578,0.5106200672209716,
3579,0.6483825727213142,
3580,0.6483825727213142,
3581,0.4813814880191576,
3582,0.4813814880191576,
3583,0.6705187351427732,
3584,0.6705187351427732,
